cloneId	cloneCount	cloneFraction	targetSequences	targetQualities	allVHitsWithScore	allDHitsWithScore	allJHitsWithScore	allCHitsWithScore	allVAlignments	allDAlignments	allJAlignments	allCAlignments	nSeqFR1	minQualFR1	nSeqCDR1	minQualCDR1	nSeqFR2	minQualFR2	nSeqCDR2	minQualCDR2	nSeqFR3	minQualFR3	nSeqCDR3	minQualCDR3	nSeqFR4	minQualFR4	aaSeqFR1	aaSeqCDR1	aaSeqFR2	aaSeqCDR2	aaSeqFR3	aaSeqCDR3	aaSeqFR4	refPoints
0	2.0	0.11764705882352941	TGTGCCTGTGACACCGTGGTACCTATCTTCTTC	IIIIIGIIDIIFEHIIFGGFIIHEFIIDIIGII	TRDV2*00(80)		TRAJ12*00(40)		273|289|308|0|16||80.0		44|49|80|28|33||25.0												TGTGCCTGTGACACCGTGGTACCTATCTTCTTC	35								CACDTVVPIFF		:::::::::0:1:16:::::28:-24:33:::
1	2.0	0.11764705882352941	TGTGCCTGTGACAGCGTGGTACCTATCTTCTTT	IIHIIIIIDIIGIIHDIIIIDHIIGIIDIIIII	TRDV2*00(66)		TRAJ36*00(55)		273|289|308|0|16|SC286G|66.0		40|48|79|25|33||40.0												TGTGCCTGTGACAGCGTGGTACCTATCTTCTTT	35								CACDSVVPIFF		:::::::::0:1:16:::::25:-20:33:::
2	1.0	0.058823529411764705	TGTGCCTGTCACACTGAGTGTCACGCGAGCAATCAACATGCTCCATGGCAATTGTTCTTC	IBCBIB?G>CIHE@@EIHCBI<AEIHEIH><B<>HIEHIEA<IBCHIE@@EHIC>G?BIB	TRDV2*00(75)		TRAJ12*00(56)		273|296|308|0|24|SG282CSC287TI289A|75.0		38|49|80|49|60|SA43T|41.0												TGTGCCTGTCACACTGAGTGTCACGCGAGCAATCAACATGCTCCATGGCAATTGTTCTTC	27								CACHTECHASNQHAPWQLFF		:::::::::0:8:24:::::49:-18:60:::
3	1.0	0.058823529411764705	TGTGCCTGTCACACTGAGTGTCACGCGAGCAATCAACATGCTCCATGGAAATGGTTCTTC	HDFIIAHGHAIAFDFAIGIA@GIIBFFGII=H=IIGFFBIIG@AIGIAFDFAIAHGHAII	TRDV2*00(75)		TRAJ12*00(47)		273|296|308|0|24|SG282CSC287TI289A|75.0		37|49|80|48|60|ST41GSA43T|32.0												TGTGCCTGTCACACTGAGTGTCACGCGAGCAATCAACATGCTCCATGGAAATGGTTCTTC	28								CACHTECHASNQHAPWKWFF		:::::::::0:8:24:::::48:-17:60:::
4	1.0	0.058823529411764705	TGTGCCTGTGACACCGAGCAGCAGCGGCACAAAGTTCAGACCCCCGAGCAGTTATTTTTC	BIHGIIIB@EIHHIGCCBAAEEIC?EEEIED?DEIEEE?CIEEAABCCGIHHIE@BIIIG	TRDV2*00(80)		TRDJ3*00(52)		273|289|308|0|16||80.0		27|48|79|38|60|SA30CI36GSA39TSG41A|51.0												TGTGCCTGTGACACCGAGCAGCAGCGGCACAAAGTTCAGACCCCCGAGCAGTTATTTTTC	30								CACDTEQQRHKVQTPEQLFF		:::::::::0:1:16:::::38:-7:60:::
5	1.0	0.058823529411764705	TGTGCCTGTGACACCGAGCAACAGCTGCACAAAGCTCAGACCCCCGAGCAGTTATTTTTT	CEIIHGHIEDIIIGEIGI?HEFIDG@G@IIEEEII@G@GDIFEH?IGIEGIIIDEIHGHI	TRDV2*00(80)		TRAJ49*00(47),TRAJ5*00(45)		273|289|308|0|16||80.0		33|45|76|48|60|SC38ASA40T|32.0;35|49|80|45|60|SC40GSC44TI49T|30.0												TGTGCCTGTGACACCGAGCAACAGCTGCACAAAGCTCAGACCCCCGAGCAGTTATTTTTT	30								CACDTEQQLHKAQTPEQLFF		:::::::::0:1:16:::::48:-13:60:::
6	1.0	0.058823529411764705	TGTGCCTGTGACACCGAGCAACAGCGGCACAAAGCTCAGACCCCCGAGCAGTTATTTTTT	BGIDDGBGDIE@GIIIIHACCCIBEGI<IGACAGI<IGEBICCCAHIIIIG@EIDGBGDD	TRDV2*00(80)		TRAJ49*00(47)		273|289|308|0|16||80.0		33|45|76|48|60|SC38ASA40T|32.0												TGTGCCTGTGACACCGAGCAACAGCGGCACAAAGCTCAGACCCCCGAGCAGTTATTTTTT	27								CACDTEQQRHKAQTPEQLFF		:::::::::0:1:16:::::48:-13:60:::
7	1.0	0.058823529411764705	TGTGCCTGTGACACCGAGCAACAGCGGCACAAAGCTCAGACCCCCGAGCAGTTATTCTTC	IFIFFGGBIHICIHFH@EBHII:G>?IEGEDIDEGEI?>G:IIHBE@HFHICIHIBGGFF	TRDV2*00(80)		TRAJ12*00(40)		273|289|308|0|16||80.0		44|49|80|55|60||25.0												TGTGCCTGTGACACCGAGCAACAGCGGCACAAAGCTCAGACCCCCGAGCAGTTATTCTTC	25								CACDTEQQRHKAQTPEQLFF		:::::::::0:1:16:::::55:-24:60:::
8	1.0	0.058823529411764705	TGTGCCTGTGACACCGAGCAAAAGCGGCACAAAGCTCAGACCCCCGAGCAGTTATTTTTC	HGAAECFECIEHCIIIFIIEIAFHBIDBHGFCFGHBDIBHFAIEIIFIIICHEICEFCEA	TRDV2*00(80)		TRDJ3*00(52)		273|289|308|0|16||80.0		27|48|79|38|60|SA30CI36GSA39TSG41A|51.0												TGTGCCTGTGACACCGAGCAAAAGCGGCACAAAGCTCAGACCCCCGAGCAGTTATTTTTC	32								CACDTEQKRHKAQTPEQLFF		:::::::::0:1:16:::::38:-7:60:::
9	1.0	0.058823529411764705	TGTGCCTGTGACACCGAGCAACAGCGGCACAAAGCTCAGACCCCCGAGCAGTTACTTTT	EIFEI?H@IAGGAHFBDIFIFGIIEIDCHIAEAIHCDIEIIGFIFIDBFHAGGAI@H?I	TRDV2*00(80)		TRAJ5*00(62)		273|289|308|0|16||80.0		35|49|80|45|59|SC40G|56.0												TGTGCCTGTGACACCGAGCAACAGCGGCACAAAGCTCAGACCCCCGAGCAGTTACTTTT	30								CACDTEQQRH_SSDPRAVTF		:::::::::0:1:16:::::45:-15:59:::
10	1.0	0.058823529411764705	TGTGCCTGTGACACTAGCGCGGCCTTGCGTTGCACTATGGTGATCTTC	DG@IEIIFIIGIFIIAIIBHIHDII;IIDHIHBIIAIIFIGIIFIIEI	TRDV2*00(70)		TRAJ12*00(55)		273|287|308|0|14||70.0		41|49|80|40|48||40.0												TGTGCCTGTGACACTAGCGCGGCCTTGCGTTGCACTATGGTGATCTTC	26								CACDTSAALRCTMVIF		:::::::::0:-1:14:::::40:-21:48:::
11	1.0	0.058823529411764705	TGTGCCTCCAGCCTTGGCCAAGGTGCATACGAGCAGTATTTCTTC	GDIIIICFGEFEGBIHIEACFFCAEIHIBGEFEGFCIIIIDGFII	TRBV5-4*00(76),TRBV5-5*00(76),TRBV5-6*00(76),TRBV5-7*00(76),TRBV5-8*00(76)		TRBJ2-1*00(45)		270|295|306|0|26|SA276TSG277CI281CSC291G|71.0;270|295|306|0|26|SA276TSG277CI281CSC291G|71.0;270|295|306|0|26|SA276TSG277CI281CSC291G|71.0;270|295|306|0|26|SA276TSG277CI281CSC291G|71.0;270|295|306|0|26|SA276TSG277CI281CSC291G|71.0		36|42|70|39|45||30.0												TGTGCCTCCAGCCTTGGCCAAGGTGCATACGAGCAGTATTTCTTC	32								CASSLGQGAYEQYFF		:::::::::0:9:26:::::39:-16:45:::
12	1.0	0.058823529411764705	TGTGCCTGCAGTGAGGACATTCCACGCCGAATGACGCAATTCTTC	IEIHCHIHIIEEAIIAFIFBFGBDDBGFBFIFAIIAEEIIHIHCH	TRBV2*00(56),TRBV25-1*00(56),TRBV6-1*00(56),TRBV6-4*00(56)	TRBD1*00(25)	TRBJ2-1*00(64)		273|287|310|0|14|SA279T|56.0;270|284|307|0|14|SA276T|56.0;270|284|307|0|14|SA276T|56.0;270|284|307|0|14|SA276T|56.0	13|18|36|14|19||25.0	27|42|70|29|45|I32CSG35A|49.0												TGTGCCTGCAGTGAGGACATTCCACGCCGAATGACGCAATTCTTC	32								CACSEDIPRRMTQFF		:::::::::0:-3:14:14:-1:-6:19:29:-7:45:::
13	1.0	0.058823529411764705	TGTGCCTGTGTGAACATGGAGCTCAAATACCTCTTCTTT	FGADBDH?AIEIIDEDAGBIBBIBGADEDIIEIA?HDBD	TRDV2*00(50)		TRAJ36*00(70)		273|283|308|0|10||50.0		37|48|79|28|39||55.0												TGTGCCTGTGTGAACATGGAGCTCAAATACCTCTTCTTT	30								CACVNMELKYLFF		:::::::::0:-5:10:::::28:-17:39:::
14	1.0	0.058823529411764705	TGTGCCTGTGAGATTGGGCAGACACCCTACTTCTTT	IBDIBBIFA?BCIGBDIFDCDFIDBGICB?AFIBBI	TRDV2*00(55)		TRAJ36*00(75)		273|284|308|0|11||55.0		28|48|79|15|36|SA33GSA37CI41A|60.0												TGTGCCTGTGAGATTGGGCAGACACCCTACTTCTTT	30								CACEIGQTPYFF		:::::::::0:-4:11:::::15:-8:36:::
