variant_id	gene	transcript	protein_position	ref_aa	alt_aa	wildtype_peptide	mutant_peptide	peptide_length	mhc_class
5_63032443_G_T	BRAF	ENST00000288602	338	L	C	ACDEFGHI	ACDECGHI	8	I
5_63032443_G_T	BRAF	ENST00000288602	338	L	C	ACDEFGHI	ACDECGHI	9	I
5_63032443_G_T	BRAF	ENST00000288602	338	L	C	ACDEFGHI	ACDEFCHI	10	I
5_63032443_G_T	BRAF	ENST00000288602	338	L	C	ACDEFGHI	ACDEFCHI	11	I
11_121955830_G_A	BRCA1	ENST00000357654	337	I	M	ACDEFGHI	ACDEMGHI	8	I
11_121955830_G_A	BRCA1	ENST00000357654	337	I	M	ACDEFGHI	ACDEMGHI	9	I
11_121955830_G_A	BRCA1	ENST00000357654	337	I	M	ACDEFGHI	ACDEFMHI	10	I
11_121955830_G_A	BRCA1	ENST00000357654	337	I	M	ACDEFGHI	ACDEFMHI	11	I
16_163330929_G_A	TP53	ENST00000269305	263	Y	F	ACDEFGHI	ACDEFGHI	8	I
16_163330929_G_A	TP53	ENST00000269305	263	Y	F	ACDEFGHI	ACDEFGHI	9	I
16_163330929_G_A	TP53	ENST00000269305	263	Y	F	ACDEFGHI	ACDEFFHI	10	I
16_163330929_G_A	TP53	ENST00000269305	263	Y	F	ACDEFGHI	ACDEFFHI	11	I
18_28166509_T_G	PIK3CA	ENST00000263967	284	K	Q	ACDEFGHI	ACDEQGHI	8	I
18_28166509_T_G	PIK3CA	ENST00000263967	284	K	Q	ACDEFGHI	ACDEQGHI	9	I
18_28166509_T_G	PIK3CA	ENST00000263967	284	K	Q	ACDEFGHI	ACDEFQHI	10	I
18_28166509_T_G	PIK3CA	ENST00000263967	284	K	Q	ACDEFGHI	ACDEFQHI	11	I
16_160601772_A_T	PTEN	ENST00000371953	352	W	S	ACDEFGHI	ACDESGHI	8	I
16_160601772_A_T	PTEN	ENST00000371953	352	W	S	ACDEFGHI	ACDESGHI	9	I
16_160601772_A_T	PTEN	ENST00000371953	352	W	S	ACDEFGHI	ACDEFSHI	10	I
16_160601772_A_T	PTEN	ENST00000371953	352	W	S	ACDEFGHI	ACDEFSHI	11	I
3_52608076_A_G	PTEN	ENST00000371953	435	N	P	ACDEFGHI	ACDEPGHI	8	I
3_52608076_A_G	PTEN	ENST00000371953	435	N	P	ACDEFGHI	ACDEPGHI	9	I
3_52608076_A_G	PTEN	ENST00000371953	435	N	P	ACDEFGHI	ACDEFPHI	10	I
3_52608076_A_G	PTEN	ENST00000371953	435	N	P	ACDEFGHI	ACDEFPHI	11	I
3_142117012_A_C	RB1	ENST00000267163	140	S	G	ACDEFGHI	ACDEGGHI	8	I
3_142117012_A_C	RB1	ENST00000267163	140	S	G	ACDEFGHI	ACDEGGHI	9	I
3_142117012_A_C	RB1	ENST00000267163	140	S	G	ACDEFGHI	ACDEFGHI	10	I
3_142117012_A_C	RB1	ENST00000267163	140	S	G	ACDEFGHI	ACDEFGHI	11	I
7_161134899_A_C	APC	ENST00000257430	245	W	V	ACDEFGHI	ACDEVGHI	8	I
7_161134899_A_C	APC	ENST00000257430	245	W	V	ACDEFGHI	ACDEVGHI	9	I
7_161134899_A_C	APC	ENST00000257430	245	W	V	ACDEFGHI	ACDEFVHI	10	I
7_161134899_A_C	APC	ENST00000257430	245	W	V	ACDEFGHI	ACDEFVHI	11	I
10_22118185_G_C	MYC	ENST00000377970	481	F	H	ACDEFGHI	ACDEHGHI	8	I
10_22118185_G_C	MYC	ENST00000377970	481	F	H	ACDEFGHI	ACDEHGHI	9	I
10_22118185_G_C	MYC	ENST00000377970	481	F	H	ACDEFGHI	ACDEFHHI	10	I
10_22118185_G_C	MYC	ENST00000377970	481	F	H	ACDEFGHI	ACDEFHHI	11	I
20_91019966_C_G	KRAS	ENST00000256078	358	D	G	ACDEFGHI	ACDEGGHI	8	I
20_91019966_C_G	KRAS	ENST00000256078	358	D	G	ACDEFGHI	ACDEGGHI	9	I
20_91019966_C_G	KRAS	ENST00000256078	358	D	G	ACDEFGHI	ACDEFGHI	10	I
20_91019966_C_G	KRAS	ENST00000256078	358	D	G	ACDEFGHI	ACDEFGHI	11	I
11_53311546_T_A	EGFR	ENST00000275493	3	T	Y	ACDEFGHI	ACDEYGHI	8	I
11_53311546_T_A	EGFR	ENST00000275493	3	T	Y	ACDEFGHI	ACDEYGHI	9	I
11_53311546_T_A	EGFR	ENST00000275493	3	T	Y	ACDEFGHI	ACDEFYHI	10	I
11_53311546_T_A	EGFR	ENST00000275493	3	T	Y	ACDEFGHI	ACDEFYHI	11	I
4_170024473_C_A	APC	ENST00000257430	496	Y	D	ACDEFGHI	ACDEDGHI	8	I
4_170024473_C_A	APC	ENST00000257430	496	Y	D	ACDEFGHI	ACDEDGHI	9	I
4_170024473_C_A	APC	ENST00000257430	496	Y	D	ACDEFGHI	ACDEFDHI	10	I
4_170024473_C_A	APC	ENST00000257430	496	Y	D	ACDEFGHI	ACDEFDHI	11	I
18_21500404_C_A	EGFR	ENST00000275493	498	Q	R	ACDEFGHI	ACDERGHI	8	I
18_21500404_C_A	EGFR	ENST00000275493	498	Q	R	ACDEFGHI	ACDERGHI	9	I
18_21500404_C_A	EGFR	ENST00000275493	498	Q	R	ACDEFGHI	ACDEFRHI	10	I
18_21500404_C_A	EGFR	ENST00000275493	498	Q	R	ACDEFGHI	ACDEFRHI	11	I
X_139659308_G_A	EGFR	ENST00000275493	389	Y	A	ACDEFGHI	ACDEAGHI	8	I
X_139659308_G_A	EGFR	ENST00000275493	389	Y	A	ACDEFGHI	ACDEAGHI	9	I
X_139659308_G_A	EGFR	ENST00000275493	389	Y	A	ACDEFGHI	ACDEFAHI	10	I
X_139659308_G_A	EGFR	ENST00000275493	389	Y	A	ACDEFGHI	ACDEFAHI	11	I
16_197235024_T_A	MYC	ENST00000377970	242	K	W	ACDEFGHI	ACDEWGHI	8	I
16_197235024_T_A	MYC	ENST00000377970	242	K	W	ACDEFGHI	ACDEWGHI	9	I
16_197235024_T_A	MYC	ENST00000377970	242	K	W	ACDEFGHI	ACDEFWHI	10	I
16_197235024_T_A	MYC	ENST00000377970	242	K	W	ACDEFGHI	ACDEFWHI	11	I
5_85160803_A_G	EGFR	ENST00000275493	242	A	D	ACDEFGHI	ACDEDGHI	8	I
5_85160803_A_G	EGFR	ENST00000275493	242	A	D	ACDEFGHI	ACDEDGHI	9	I
5_85160803_A_G	EGFR	ENST00000275493	242	A	D	ACDEFGHI	ACDEFDHI	10	I
5_85160803_A_G	EGFR	ENST00000275493	242	A	D	ACDEFGHI	ACDEFDHI	11	I
17_67067809_A_C	PIK3CA	ENST00000263967	408	H	V	ACDEFGHI	ACDEVGHI	8	I
17_67067809_A_C	PIK3CA	ENST00000263967	408	H	V	ACDEFGHI	ACDEVGHI	9	I
17_67067809_A_C	PIK3CA	ENST00000263967	408	H	V	ACDEFGHI	ACDEFVHI	10	I
17_67067809_A_C	PIK3CA	ENST00000263967	408	H	V	ACDEFGHI	ACDEFVHI	11	I
5_165909287_C_G	KRAS	ENST00000256078	328	I	H	ACDEFGHI	ACDEHGHI	8	I
5_165909287_C_G	KRAS	ENST00000256078	328	I	H	ACDEFGHI	ACDEHGHI	9	I
5_165909287_C_G	KRAS	ENST00000256078	328	I	H	ACDEFGHI	ACDEFHHI	10	I
5_165909287_C_G	KRAS	ENST00000256078	328	I	H	ACDEFGHI	ACDEFHHI	11	I
19_182851951_G_A	KRAS	ENST00000256078	191	V	T	ACDEFGHI	ACDETGHI	8	I
19_182851951_G_A	KRAS	ENST00000256078	191	V	T	ACDEFGHI	ACDETGHI	9	I
19_182851951_G_A	KRAS	ENST00000256078	191	V	T	ACDEFGHI	ACDEFTHI	10	I
19_182851951_G_A	KRAS	ENST00000256078	191	V	T	ACDEFGHI	ACDEFTHI	11	I
20_55390665_G_T	MYC	ENST00000377970	231	G	H	ACDEFGHI	ACDEHGHI	8	I
20_55390665_G_T	MYC	ENST00000377970	231	G	H	ACDEFGHI	ACDEHGHI	9	I
20_55390665_G_T	MYC	ENST00000377970	231	G	H	ACDEFGHI	ACDEFHHI	10	I
20_55390665_G_T	MYC	ENST00000377970	231	G	H	ACDEFGHI	ACDEFHHI	11	I
15_89829763_T_G	RB1	ENST00000267163	90	D	E	ACDEFGHI	ACDEEGHI	8	I
15_89829763_T_G	RB1	ENST00000267163	90	D	E	ACDEFGHI	ACDEEGHI	9	I
15_89829763_T_G	RB1	ENST00000267163	90	D	E	ACDEFGHI	ACDEFEHI	10	I
15_89829763_T_G	RB1	ENST00000267163	90	D	E	ACDEFGHI	ACDEFEHI	11	I
14_82481480_G_T	EGFR	ENST00000275493	298	V	S	ACDEFGHI	ACDESGHI	8	I
14_82481480_G_T	EGFR	ENST00000275493	298	V	S	ACDEFGHI	ACDESGHI	9	I
14_82481480_G_T	EGFR	ENST00000275493	298	V	S	ACDEFGHI	ACDEFSHI	10	I
14_82481480_G_T	EGFR	ENST00000275493	298	V	S	ACDEFGHI	ACDEFSHI	11	I
2_192855439_T_C	MYC	ENST00000377970	407	I	P	ACDEFGHI	ACDEPGHI	8	I
2_192855439_T_C	MYC	ENST00000377970	407	I	P	ACDEFGHI	ACDEPGHI	9	I
2_192855439_T_C	MYC	ENST00000377970	407	I	P	ACDEFGHI	ACDEFPHI	10	I
2_192855439_T_C	MYC	ENST00000377970	407	I	P	ACDEFGHI	ACDEFPHI	11	I
12_92389316_T_G	KRAS	ENST00000256078	114	F	M	ACDEFGHI	ACDEMGHI	8	I
12_92389316_T_G	KRAS	ENST00000256078	114	F	M	ACDEFGHI	ACDEMGHI	9	I
12_92389316_T_G	KRAS	ENST00000256078	114	F	M	ACDEFGHI	ACDEFMHI	10	I
12_92389316_T_G	KRAS	ENST00000256078	114	F	M	ACDEFGHI	ACDEFMHI	11	I
3_175063625_A_C	BRAF	ENST00000288602	407	A	L	ACDEFGHI	ACDELGHI	8	I
3_175063625_A_C	BRAF	ENST00000288602	407	A	L	ACDEFGHI	ACDELGHI	9	I
3_175063625_A_C	BRAF	ENST00000288602	407	A	L	ACDEFGHI	ACDEFLHI	10	I
3_175063625_A_C	BRAF	ENST00000288602	407	A	L	ACDEFGHI	ACDEFLHI	11	I
19_33703572_C_G	EGFR	ENST00000275493	392	S	I	ACDEFGHI	ACDEIGHI	8	I
19_33703572_C_G	EGFR	ENST00000275493	392	S	I	ACDEFGHI	ACDEIGHI	9	I
19_33703572_C_G	EGFR	ENST00000275493	392	S	I	ACDEFGHI	ACDEFIHI	10	I
19_33703572_C_G	EGFR	ENST00000275493	392	S	I	ACDEFGHI	ACDEFIHI	11	I
19_45269921_T_A	BRCA1	ENST00000357654	72	I	T	ACDEFGHI	ACDETGHI	8	I
19_45269921_T_A	BRCA1	ENST00000357654	72	I	T	ACDEFGHI	ACDETGHI	9	I
19_45269921_T_A	BRCA1	ENST00000357654	72	I	T	ACDEFGHI	ACDEFTHI	10	I
19_45269921_T_A	BRCA1	ENST00000357654	72	I	T	ACDEFGHI	ACDEFTHI	11	I
19_134631578_G_C	APC	ENST00000257430	108	V	P	ACDEFGHI	ACDEPGHI	8	I
19_134631578_G_C	APC	ENST00000257430	108	V	P	ACDEFGHI	ACDEPGHI	9	I
19_134631578_G_C	APC	ENST00000257430	108	V	P	ACDEFGHI	ACDEFPHI	10	I
19_134631578_G_C	APC	ENST00000257430	108	V	P	ACDEFGHI	ACDEFPHI	11	I
13_25493860_T_C	KRAS	ENST00000256078	78	E	V	ACDEFGHI	ACDEVGHI	8	I
13_25493860_T_C	KRAS	ENST00000256078	78	E	V	ACDEFGHI	ACDEVGHI	9	I
13_25493860_T_C	KRAS	ENST00000256078	78	E	V	ACDEFGHI	ACDEFVHI	10	I
13_25493860_T_C	KRAS	ENST00000256078	78	E	V	ACDEFGHI	ACDEFVHI	11	I
4_172637118_A_G	RB1	ENST00000267163	396	R	K	ACDEFGHI	ACDEKGHI	8	I
4_172637118_A_G	RB1	ENST00000267163	396	R	K	ACDEFGHI	ACDEKGHI	9	I
4_172637118_A_G	RB1	ENST00000267163	396	R	K	ACDEFGHI	ACDEFKHI	10	I
4_172637118_A_G	RB1	ENST00000267163	396	R	K	ACDEFGHI	ACDEFKHI	11	I
